Workbook

Sheet Registro
A1: N.º | B1: Sección del ERS | C1: Descripción del defecto | D1: Tipo | E1: Severidad | F1: Req. afectado | G1: Inspector
A2: D-01 | B2: 1.5 | C2: La visión general indica 15 requisitos no funcionales, pero el ERS vigente contiene RNF-01 a RNF-16 y la clasificación posterior declara 16 RNF. | D2: Consistencia | E2: Menor | F2: RNF-16 | G2: Contreras Chávez Kevin Germán
A3: D-02 | B3: 2.1, 2.2 y 2.4.2 | C3: Se afirma que la veterinaria valida y certifica información médica, mientras el conflicto «Validación documental limitada» exige usar validación referencial y no certificación clínica. | D3: Consistencia | E3: Mayor | F3: RF-09, RD-03 | G3: Contreras Chávez Kevin Germán
A4: D-03 | B4: 3.2.12 | C4: RF-12 usa «información requerida» y «documentación requerida» sin fijar el mecanismo de identificación, aunque HU-09 reconoce que el mecanismo exacto sigue negociable. | D4: Ambigüedad | E4: Mayor | F4: RF-12, HU-09 | G4: Contreras Chávez Kevin Germán
A5: D-04 | B5: 3.2.6 | C5: RF-06 exige considerar siete factores; su criterio solo comprueba información comparativa y advertencia, sin comprobar los siete factores. | D5: Completitud | E5: Mayor | F5: RF-06 | G5: Contreras Chávez Kevin Germán
A6: D-05 | B6: 2.2, 2.4.2 y 3.2.7 | C6: El ERS declara «Reporte de conversaciones sospechosas» y mecanismos para reportar interacciones inadecuadas, pero RF-07 solo cubre envío y visualización de mensajes. | D6: Completitud | E6: Mayor | F6: RF-07 | G6: Contreras Chávez Kevin Germán
A7: D-06 | B7: 3.2.7, 3.3.15 y CU-08 | C7: RNF-15 y CU-08 asumen moderación automática, categorización y bloqueo de mensajes, pero RF-07 no especifica funcionalmente ese procesamiento. | D7: Consistencia | E7: Mayor | F7: RF-07, RNF-15, CU-08 | G7: Contreras Chávez Kevin Germán
A8: D-07 | B8: 3.5.1 y 3.3.17 / 4.7 | C8: RD-01 solo menciona IA para compatibilidad e imágenes; el ERS identifica un tercer subcomponente de IA para moderación de mensajes. | D8: Consistencia | E8: Mayor | F8: RD-01, RNF-15 | G8: Contreras Chávez Kevin Germán
A9: D-08 | B9: 3.2.17 | C9: RF-17 rechaza imágenes que no cumplan «criterios establecidos», pero el RF no enumera esos criterios; RNF-14 sí menciona motivos concretos. | D9: Ambigüedad | E9: Mayor | F9: RF-17, RNF-14 | G9: Contreras Chávez Kevin Germán
A10: D-09 | B10: 3.2.24 | C10: RF-24 se titula «cepa, lote y aplicador», pero la descripción, entradas y criterio incluyen cepa/marca y aplicador, omitiendo el lote. | D10: Consistencia | E10: Mayor | F10: RF-24 | G10: Contreras Chávez Kevin Germán
A11: D-10 | B11: 3.2.25 vs 3.3.16 | C11: RF-25 exige que el aviso público muestre datos de contacto; RNF-16 exige ocultar por defecto el contacto directo a usuarios no autorizados. | D11: Consistencia | E11: Crítica | F11: RF-25, RNF-16, RF-11 | G11: Contreras Chávez Kevin Germán
A12: D-11 | B12: 3.2.25 vs 3.1.2 / 3.3.16 | C12: RF-25 recibe «última ubicación conocida» sin limitarla a zona aproximada; RNF-16 exige radio aproximado ≥ 1 km. | D12: Consistencia | E12: Crítica | F12: RF-25, RNF-16 | G12: Contreras Chávez Kevin Germán
... A24: D-23 | B24: 3.3.12 | C24: RNF-12 fija P95 ≤ 3 s con 300 usuarios concurrentes, pero añade que no debe existir «degradación significativa», expresión sin umbral cuantitativo. | D24: Verificabilidad | E24: Menor | F24: RNF-12 | G24: Viteri García Jonathan Enrique

Sheet Métricas
A1: Métricas de la inspección Fagan — ERS MundiPets
A2: Todas las métricas se calculan mediante fórmulas sobre la hoja «Registro». No editar valores a mano.
A4: DATOS DE ENTRADA
A5: Defectos únicos consolidados | B5: =COUNTA(Registro!A2:A24) -> 23
A6: Páginas efectivamente inspeccionadas (Sección 3 del ERS) | B6: 12 | C6: Azul = dato de entrada declarado por el equipo
A7: Horas de preparación — Inspector 2 (Kevin Contreras) | B7: 5
A8: Horas de preparación — Inspector 1 (Jonathan Viteri) | B8: 3
A10: 1. DENSIDAD DE DEFECTOS
A11: Densidad = defectos ÷ páginas inspeccionadas | B11: =B5/B6 -> 1.9166667 | C11: defectos/página
A13: 2. DISTRIBUCIÓN POR TIPO
A14: Tipo de defecto | B14: Cantidad | C14: Porcentaje
A15: Consistencia | B15: =COUNTIF(Registro!$D$2:$D$24,A15) -> 7 | C15: =B15/$B$5 -> 0.30434783
A16: Trazabilidad | B16: =COUNTIF(Registro!$D$2:$D$24,A16) -> 6 | C16: =B16/$B$5 -> 0.26086957
A17: Verificabilidad | B17: =COUNTIF(Registro!$D$2:$D$24,A17) -> 4 | C17: =B17/$B$5 -> 0.17391304
A18: Ambigüedad | B18: =COUNTIF(Registro!$D$2:$D$24,A18) -> 2 | C18: =B18/$B$5 -> 0.086956522
A19: Completitud | B19: =COUNTIF(Registro!$D$2:$D$24,A19) -> 2 | C19: =B19/$B$5 -> 0.086956522
A20: Factibilidad | B20: =COUNTIF(Registro!$D$2:$D$24,A20) -> 2 | C20: =B20/$B$5 -> 0.086956522
A21: Total | B21: =SUM(B15:B20) -> 23 | C21: =SUM(C15:C20) -> 1
A23: 3. DISTRIBUCIÓN POR SEVERIDAD
A24: Severidad | B24: Cantidad | C24: Porcentaje
A25: Crítica | B25: =COUNTIF(Registro!$E$2:$E$24,A25) -> 2 | C25: =B25/$B$5 -> 0.086956522
A26: Mayor | B26: =COUNTIF(Registro!$E$2:$E$24,A26) -> 16 | C26: =B26/$B$5 -> 0.69565217
A27: Menor | B27: =COUNTIF(Registro!$E$2:$E$24,A27) -> 5 | C27: =B27/$B$5 -> 0.2173913
A28: Total | B28: =SUM(B25:B27) -> 23 | C28: =SUM(C25:C27) -> 1
A29: Críticos + Mayores | B29: =B25+B26 -> 18 | C29: =B29/$B$5 -> 0.7826087
A31: 4. TASA DE DETECCIÓN POR INSPECTOR
A32: Inspector | B32: Defectos | C32: Horas | D32: Tasa (def/h)
A33: Contreras Chávez Kevin Germán | B33: =COUNTIF(Registro!$G$2:$G$24,A33) -> 15 | C33: =B7 -> 5 | D33: =B33/C33 -> 3
A34: Viteri García Jonathan Enrique | B34: =COUNTIF(Registro!$G$2:$G$24,A34) -> 8 | C34: =B8 -> 3 | D34: =B34/C34 -> 2.6666667
A35: Total | B35: =SUM(B33:B34) -> 23 | C35: =SUM(C33:C34) -> 8 | D35: =B35/C35 -> 2.875
A37: 5. ESFUERZO TOTAL
A38: Esfuerzo total (horas-persona) | B38: =B7+B8 -> 8
A39: Productividad global (defectos/hora-persona) | B39: =B5/B38 -> 2.875
